{"cameraMode":{"drawMode":0,"name":"Shaded","section":"Shading Mode"},"sceneLighting":true,"audioPlay":false,"sceneViewState":{"m_AlwaysRefresh":false,"showFog":true,"showSkybox":true,"showFlares":true,"showImageEffects":true,"showParticleSystems":true,"showVisualEffectGraphs":true,"m_FxEnabled":true},"in2DMode":false,"pivot":{"x":0.5090945959091187,"y":-0.2571697235107422,"z":-3.833865165710449},"rotation":{"x":0.14348678290843965,"y":0.14198681712150575,"z":-0.02080616168677807,"w":0.9791938066482544},"size":3.4883835315704347,"orthographic":false}