{"cameraMode":{"drawMode":0,"name":"Shaded","section":"Shading Mode"},"sceneLighting":true,"audioPlay":false,"sceneViewState":{"m_AlwaysRefresh":false,"showFog":true,"showSkybox":true,"showFlares":true,"showImageEffects":true,"showParticleSystems":true,"showVisualEffectGraphs":true,"m_FxEnabled":true},"in2DMode":false,"pivot":{"x":-3.4382619857788088,"y":-10.865979194641114,"z":-12.107861518859864},"rotation":{"x":-0.03190503641963005,"y":0.9237017631530762,"z":-0.3735616207122803,"w":-0.07888941466808319},"size":13.605400085449219,"orthographic":false}