{"cameraMode":{"drawMode":0,"name":"Shaded","section":"Shading Mode"},"sceneLighting":true,"audioPlay":false,"sceneViewState":{"m_AlwaysRefresh":false,"showFog":true,"showSkybox":true,"showFlares":true,"showImageEffects":true,"showParticleSystems":true,"showVisualEffectGraphs":true,"m_FxEnabled":true},"in2DMode":false,"pivot":{"x":-1.5380579233169556,"y":-6.922271728515625,"z":-15.507680892944336},"rotation":{"x":-0.008959497325122357,"y":0.9574102759361267,"z":-0.2870691120624542,"w":-0.02988000586628914},"size":13.605400085449219,"orthographic":false}