{"cameraMode":{"drawMode":0,"name":"Shaded","section":"Shading Mode"},"sceneLighting":true,"audioPlay":false,"sceneViewState":{"m_AlwaysRefresh":false,"showFog":true,"showSkybox":true,"showFlares":true,"showImageEffects":true,"showParticleSystems":true,"showVisualEffectGraphs":true,"m_FxEnabled":true},"in2DMode":false,"pivot":{"x":-6.988150596618652,"y":-6.9196624755859379,"z":-21.797222137451173},"rotation":{"x":-0.00688144750893116,"y":0.9833288788795471,"z":-0.17772629857063294,"w":-0.03807297721505165},"size":20.680356979370118,"orthographic":false}